filename	service_area	partner_company	background_summary	expertise_areas	key_capabilities	metrics	certifications	website
Time Management.pdf	Time	Timework	"Government agencies are under increasing pressure to modernize workforce management while maintaining operational control, security, and compliance. Recognizing this critical need, Navancio has partnered with Timework Solutions, a specialist in workforce management and timekeeping technology, to deliver on-premise modern time and attendance systems tailored for federal, state, and local agencies. Navancio, an SBA 8(a) and Indian Small Business Economic Enterprise (ISBEE), brings expertise in sec"	Not specified	Not specified	Not specified	COMPLIANT; SBA 8	https://navancio.com
GIS (Geospacial Systems).pdf	Comprehensive	Hall Technologies	"Navancio LLC, full-service ISBEE 8(a), is a premier GIS services provider, specializing in delivering comprehensive solutions that address the critical needs of today's digital landscape. With a strong focus on environmental justice and climate resilience, Navancio is aligned with key White House and federal initiatives such as the Justice40 and the Climate Mapping for Resilience and Adaptation (CMRA) Portal."	"Our robust GIS capabilities are tailored to enhance decision-making processes, operational efficiency, and service delivery within federal agencies; We have a proven track record of success, having managed GIS projects nationwide, with a significant presence in the DOI"	"Areas Mapped 182+ Strategic GIS Consulting: Offering expert advice on leveraging GIS technology to align with organizational objectives and solve complex spatial problems; Data Management & Analytics: Collecting, managing, and analyzing spatial data to extract actionable insights and inform decision-making; Applications Developed Custom Application Development: Developing tailored GIS apps for desktop, 30+ web, & mobile platforms to meet specific needs, utilizing advanced APIs & SDKs; Advanced Mapping & Visualization: Creating dynamic, interactive maps and visualizations to effectively communicate spatial information and facilitate data- driven decisions; From climate to public health, we have you covered"	Not specified	Not specified	https://navancio.com
GAM (Acquisition Management).pdf	Digital	Hall Technologies	"As government agencies face mounting pressures to modernize operations, improve efficiency, and meet evolving compliance requirements, digital transformation has emerged as a critical priority. Many agencies are hindered by legacy systems, fragmented processes, and data silos. Navancio LLC, an 8(a) ISBEE-certified small business, is proud to partner with Appian Corporation to deliver cutting-edge acquisition solutions tailored to meet the unique needs of government agencies. With the federal acq"	Not specified	"Years of Experience 15+ Simplify and Accelerate Acquisition Workflows: Leverage low-code/no-code platforms for rapid deployment and scalability, minimizing downtime and maximizing efficiency; Adapt to Future Challenges: Future-proof your systems with modular, scalable solutions that incorporate cutting-edge technologies like RPA, AI, and intelligent document processing; Cloud Migrations Unlock Data-Driven Insights: Monitor key performance indicators (KPIs) such as procurement cycle times, resource utilization, and vendor performance with 50+ intuitive dashboards; Boost Productivity and Collaboration: Integrate seamlessly with existing tools like Office 365, SharePoint, Oracle, and legacy systems to eliminate silos and enhance interoperability"	Not specified	"AUTHORIZED
DIGITAL PROCESS AUTOMATED ENVIRONMENTS; CERTIFIED
SMALL BUSINESS"	https://navancio.com
Salesforce Agentforce.pdf	Navigating Ai	Salesforce	"Public sector agencies face unprecedented demands to deliver secure, consumer-grade digital services while operating under budget constraints and rising cyber threats. Yet adopting AI at scale remains a challenge due to legacy systems, siloed processes, and strict compliance requirements. Salesforce Agentforce offers a transformative solutionbringing pre-built, guardrailed agentic AI to the FedRAMP-authorized Government Cloud with the Einstein Trust Layer, Data Cloud, and a marketplace of over 1"	"AI-Driven Automation & Agentic A Cybersecurity & Governanc Low-Code Transformatio Modern DevSecOp Data, Analytics & RAG Human-Centric Change Management"	Not specified	127K Citizen; 17M+ assurance	HIPAA; COMPLIANT RAG AGENTS THAT LOCATE; SBA 8; FISMA HIGH	https://navancio.com
RPA (Robotic Process Automation).pdf	Robotic Process	Hall Technologies	"As federal agencies face challenges of modernizing manual and repetitive tasks has become increasingly critical. Navancio LLC, an 8(a) certified ISBEE is a leader in the field of IT service solutions, rises to meet this challenge with our advanced Robotic Process Automation (RPA) services. With a strong foundation in records management and IT services, Navancio is uniquely positioned to offer innovative RPA solutions that are tailored to the specific needs of federal agencies. Our robust Robotic"	extends beyond mere implementation	Not specified	Not specified	Not specified	https://navancio.com
Grant Management.pdf	Grant	Salesforce	"As federal agencies face increasing demands for accountability and efficiency in managing grant funds, the need for sophisticated grants management systems has test become more pronounced. Navancio, an 8(a) ISBEE company, Client recognizes this need and offers a range of tailored CRM Collaborate solutions, including Salesforce, to meet these challenges. Our team is adept at customizing these systems to integrate seamlessly with each agency's unique framework, enhancing operational efficiency and"	Not specified	Not specified	Not specified	Not specified	https://navancio.com
Amazon Connect.pdf	Amazon	Amazon/AWS	"Faced with rising customer expectations, unpredictable disruptions, and smaller contact center workforces, organizations are under pressure to do more with less. Legacy systems come with high licensing fees, rigid contracts, and constant outageswhile requiring more agents and manual overhead to maintain even basic service levels. So how can agencies and enterprises reduce costs, increase productivity, and improve customer satisfaction without expanding headcount or infrastructure? Enter Amazon C"	Not specified	"998% 60% to improve quality, coaching, and complianc Scale Intelligently: Pay only for what you use no contracts or capacity caps"	Not specified	Not specified	https://navancio.com
Salesforce MRAS.pdf	Salesforce	Salesforce	"As government agencies navigate the complexities of custom digital solutions, they face increasing challenges from stringent FedRAMP mandates and security risks due to outdated and inflexible systems. Navancio LLC, a full-service ISBEE 8(a) certified company, offers a transformative approach with"	"in low- code, FedRAMP-approved platforms, focusing on Salesforce solutions; We provide Salesforce consulting, development, integration, and management services, crafted to cater to the distinctive requirements of each agency; We provide tailored that ensure compliance, enhance operational efficiency, and improve security and scalability; Partnering with Navancio LLC empowers agencies to move beyond the constraints of heavily customized solutions, stepping into a future marked by agility, enhanced security, and innovation"	Not specified	Not specified	FEDRAMP-APPROVED PLATFORMS; APPROVED PLATFORMS; CERTIFIED COMPANY	https://navancio.com
General Records Managements.pdf	Records	Hall Technologies	"Federal Spending Federal agencies are facing a critical challenge due to NARAs mandate Records Management requiring all federal records to be digitized by June 30, 2024. This shift poses a significant problem as agencies currently grapple with rooms $1.7 B filled with physical records that cannot be sent to NARA. In addition to $1.5 B compliance, the changing landscape of work, including office relocations and remote work, underscores the urgent need for record $1.2 B management and digitization"	Not specified	Not specified	$1.7; $1.5; $1.2; $1; 17M+ NARA	Not specified	https://navancio.com
CyberSecurity.pdf	Cybersecurity	Not specified	"Navancio LLC, an 8(a) ISBEE certified firm, focuses in cybersecurity by blending cutting-edge technology with Agile and DevSecOps methodologies, focusing on proactive threat analysis and deep research. Our team, seasoned in military, government, and commercial sectors, delivers comprehensive cybersecurity solutions in line with the Biden-Harris Administration's National Cybersecurity Strategy and Executive Order 14028. This strategy emphasizes the defense of critical infrastructure and mandates"	Not specified	Not specified	100K+ Threat	NIST RMF; CERTIFIED FIRM	https://navancio.com
Anything IT.pdf	Data	AnythingIT	"As federal agencies modernize infrastructure, decommission data centers, and transition to cloud environments, the need for secure, compliant, and on-site data destruction is critical. Navancio, a Native American-owned 8(a) Small Disadvantaged Business with deep expertise in secure digital transformation, has partnered with AnythingIT to deliver mobile, DoD- and NIST-compliant hard drive and media destruction services to government clients nationwide. While AnythingIT brings decades of specializ"	On-site HDD and tape shredding (1	Not specified	Not specified	DOD; COMPLIANT; NIST	https://navancio.com
InDev.pdf	Border	Salesforce	"Navancio and InDev have partnered to deliver secure, scalable, and innovative IT solutions tailored to the Department of Homeland Security (DHS) and U.S. Customs and Border Protection (CBP). Navancio, a Native American-owned SBA 8(a) and Indian Small Business Economic Enterprise (ISBEE), brings expertise in AI-driven automation, records management, cybersecurity, and low- code transformation. InDev, a CBP Emerging Technology BPA awardee, delivers deep experience in DevSecOps, cloud modernization"	Not specified	Not specified	$600M; 600M+ in; 17M+ ready	"SBA 8; CMMI-DEV L3
DIGITIZATION AND RECORDS GOVERNANCE; CJIS; CMMI-DEV LEVEL 3; FEDRAMP; ISO 27001; CERTIFIED AND CYBER THREAT INTEL
VISIT US AT"	https://navancio.com
Mark 43.pdf	Records	Mark 43	"Navancio, a certified SBA 8(a) and Indian Small Business Economic Enterprise (ISBEE), has partnered with Mark43, a mission-proven SaaS innovator, to deliver secure, modern Computer- Aided Dispatch (CAD), Records Management Systems (RMS), and automation tools to the Department of Homeland Security (DHS). Navancio brings deep expertise in AI-driven RPA, cybersecurity, records digitization, and federal IT modernization, while Mark43 delivers the only FedRAMP High and StateRAMP High-certified CAD/RM"	Not specified	Not specified	Not specified	"FEDRAMP HIGH; SBA 8; CERTIFIED SBA 8; CJIS; FEDRAMP; NIST
800-171; CERTIFIED CAD; COMPLIANT ACQUISITION PATH COMBINED WITH ADVANCED; FEDRAMP HIGH AND STATERAMP HIGH-CERTIFIED CAD"	https://navancio.com