record_id,Source_Organization,Source_File,Source_Sheet,Processing_Date,Requirement Title,Requirement Description,Associated Program or Requirement Office,Anticipated Procurement Method,Anticipated Contract Type,Anticipated Procurement Instrument,Anticipated Solicitation FY,Anticipated Solicitation Quarter,Anticipated Award FY,Anticipated Award Quarter,Anticipated Period of Performance (Months),Anticipated NAICS Code,Anticipated PSC,Anticipated Place of Performance,Follow-on or New,Existing Contract Number,Incumbent Contractor,Contracting Office UIC,Contracting POC Name,Contracting POC Contact,Secondary POC Name,Secondary POC Contact,Anticipated Facilities Clearance,Anticipated Personnel Clearance,Anticipated Total Value (Millions),value_min_millions,value_max_millions,value_source,value_confidence,Comments,PALT Code,Sub PALT Code,qc_fy_unparsed,qc_qtr_unparsed,qc_value_open_ended,qc_value_missing,qc_uic_suspect,id,title,description,work_type,agency,source_org,naics,psc,set_aside,required_clearance,rfp_fy,rfp_quarter,award_fy,award_quarter,place_of_performance,follow_on,incumbent,contracting_office,est_value_min,est_value_max,anticipated_value,CONTRACTOR,MATCH_SCORE,MATCH_CAPABILITY,MATCH_NAICS,MATCH_PSC,MATCH_REASONS,ACTION
e75e24ea0dd9a31e,NAVSUP,NAVSUP_NMCARS_LRAE_compiled.tsv,Annex 25 Template,2025-08-26,PHYSICAL ENVIROMENTAL & CYBER SYSTEMS,PHYSICAL ENVIROMENTAL & CYBER SYSTEMS,NAVAL OBSERVATORY,FULL AND OPEN COMPETITION,FIRM FIXED PRICE,DELIVERY ORDER,2025,Q3,2026,Q1,,541990,R405,DC,Follow-on,N0018925F0206,COMPUTATIONAL PHYSICS  INC.,N00189,CAITLIN KING,caitlin.d.king2.civ@us.navy.mil,CAITLIN KING,caitlin.d.king2.civ@us.navy.mil,TBD,TBD,2.0,2.0,2.0,numeric_millions,exact,,,,False,False,False,False,False,e75e24ea0dd9a31e,PHYSICAL ENVIROMENTAL & CYBER SYSTEMS,PHYSICAL ENVIROMENTAL & CYBER SYSTEMS,PHYSICAL ENVIROMENTAL & CYBER SYSTEMS,NAVAL OBSERVATORY,NAVSUP,541990,R405,FULL AND OPEN COMPETITION,TBD,2025,Q3,2026,Q1,DC,Follow-on,COMPUTATIONAL PHYSICS  INC.,N00189,2.0,2.0,2.0,NAVANCIO LLC,0.914,0.94,1.0,0.5,Strong capability match (94%); NAICS alignment (100%),Review and pursue
efd24805a6ba6525,NAVSUP,NAVSUP_NMCARS_LRAE_compiled.tsv,Annex 25 Template,2025-08-26,BUSINESS MANAGEMENT SPT FOR DTO,BUSINESS MANAGEMENT SPT FOR DTO,CHIEF OF NAVAL OPERATIONS,FULL AND OPEN COMPETITION,COST PLUS FIXED FEE,DELIVERY ORDER,2025,Q3,2026,Q1,,541611,R408,DC,Follow-on,N0018925FZ041,DELOITTE CONSULTING LLP,N00189,MATTHEW FORSYTHE,matthew.r.forsythe.civ@us.navy.mil,ALEXSIS MORGAN,alexsis.d.morgan.civ@us.navy.mil,TBD,TBD,50.0,50.0,50.0,numeric_millions,exact,,,,False,False,False,False,False,efd24805a6ba6525,BUSINESS MANAGEMENT SPT FOR DTO,BUSINESS MANAGEMENT SPT FOR DTO,BUSINESS MANAGEMENT SPT FOR DTO,CHIEF OF NAVAL OPERATIONS,NAVSUP,541611,R408,FULL AND OPEN COMPETITION,TBD,2025,Q3,2026,Q1,DC,Follow-on,DELOITTE CONSULTING LLP,N00189,50.0,50.0,50.0,NAVANCIO LLC,0.878,0.88,1.0,0.5,Strong capability match (88%); NAICS alignment (100%),Review and pursue
c2c938b404c4c870,NAVSUP,NAVSUP_NMCARS_LRAE_compiled.tsv,Annex 25 Template,2025-08-26,BUSINESS MANAGEMENT SPT FOR DTO,BUSINESS MANAGEMENT SPT FOR DTO,WASHINGTON HEADQUARTERS SERVICES,FULL AND OPEN COMPETITION,FIRM FIXED PRICE,DELIVERY ORDER,2027,Q1,2027,Q4,,541611,R408,DC,Follow-on,N0018924FZ407,DELOITTE CONSULTING LLP,N00189,MATTHEW FORSYTHE,matthew.r.forsythe.civ@us.navy.mil,MARK DAMANSKIS,mark.d.damanskis.civ@us.navy.mil,TBD,TBD,7.5,7.5,7.5,numeric_millions,exact,,,,False,False,False,False,False,c2c938b404c4c870,BUSINESS MANAGEMENT SPT FOR DTO,BUSINESS MANAGEMENT SPT FOR DTO,BUSINESS MANAGEMENT SPT FOR DTO,WASHINGTON HEADQUARTERS SERVICES,NAVSUP,541611,R408,FULL AND OPEN COMPETITION,TBD,2027,Q1,2027,Q4,DC,Follow-on,DELOITTE CONSULTING LLP,N00189,7.5,7.5,7.5,NAVANCIO LLC,0.878,0.88,1.0,0.5,Strong capability match (88%); NAICS alignment (100%),Review and pursue
8d7c77c2dc9176d6,HQMC,HQMC_compiled_data.tsv,MCICOM HQ,2025-08-28,EEO Investigation Services,"DON and its subordinate activities are required to investigate complaints within 180 days of the date a formal EEO comnplaint is filed. Untimely investigatons subject the DON to liability. Periodically, the activity needs to use properly qualified contractors to augmnet organic capabilities.",CMC,Full and Open Competition,Fixed-Price,Purchase Order,TBD,TBD,TBD,TBD,,541611 - ADMINISTRATIVE MANAGEMENT AND GENERAL MANAGEMENT CONSULTING SERVICES,R499 - SUPPORT- PROFESSIONAL: OTHER,"Arlington, VA",New,,,M95494,Dave Godfrey,david.godfrey@usmc.mil,Tom Johnston,john.t.johnston2@usmc.mil,TBD,TBD,,0.0,2.0,open_ended_below,open_ended,,,,True,True,True,False,False,8d7c77c2dc9176d6,EEO Investigation Services,"DON and its subordinate activities are required to investigate complaints within 180 days of the date a formal EEO comnplaint is filed. Untimely investigatons subject the DON to liability. Periodically, the activity needs to use properly qualified contractors to augmnet organic capabilities.","DON and its subordinate activities are required to investigate complaints within 180 days of the date a formal EEO comnplaint is filed. Untimely investigatons subject the DON to liability. Periodically, the activity needs to use properly qualified contractors to augmnet organic capabilities.",CMC,HQMC,541611,R499,Full and Open Competition,TBD,TBD,TBD,TBD,TBD,"Arlington, VA",New,nan,M95494,0.0,2.0,0.0,NAVANCIO LLC,0.872,0.787,1.0,1.0,Strong capability match (79%); NAICS alignment (100%); PSC match (100%),Review and pursue
3c84922441bb989d,HQMC,HQMC_compiled_data.tsv,MCINCR,2025-08-28,ART APPRAISAL,"The contractor will provide background information on each artist and painting, along with research methodology used to establish values, full description of each work appraised along with image and value. The contractor will be tasked with appraising artworks from the approximately 9,000+ original works of art, period lithographs, rare posters, two (2) dimensional images, and three (3) dimensional sculptures for insurance purposes.",M30400 Museum (NMMC),Small Business Set-Aside,Fixed-Price,Single-Award Indefinite-Delivery,2025,Q3,2026,Q2,60,"541990 - ALL OTHER PROFESSIONAL, SCIENTIFIC, AND TECHNICAL SERVICES",R499,"Triangle, VA",New,M0026420P0153,"ART APPRAISAL FIRM, LLC",M00264,Molly Henderson,molly.henderson@usmc.mil,John Johnston (Tom),john.t.johnston2@usmc.mil,TBD,TBD,,0.0,2.0,open_ended_below,open_ended,,,,False,False,True,False,False,3c84922441bb989d,ART APPRAISAL,"The contractor will provide background information on each artist and painting, along with research methodology used to establish values, full description of each work appraised along with image and value. The contractor will be tasked with appraising artworks from the approximately 9,000+ original works of art, period lithographs, rare posters, two (2) dimensional images, and three (3) dimensional sculptures for insurance purposes.","The contractor will provide background information on each artist and painting, along with research methodology used to establish values, full description of each work appraised along with image and value. The contractor will be tasked with appraising artworks from the approximately 9,000+ original works of art, period lithographs, rare posters, two (2) dimensional images, and three (3) dimensional sculptures for insurance purposes.",M30400 Museum (NMMC),HQMC,541990,R499,Small Business Set-Aside,TBD,2025,Q3,2026,Q2,"Triangle, VA",New,"ART APPRAISAL FIRM, LLC",M00264,0.0,2.0,0.0,NAVANCIO LLC,0.862,0.769,1.0,1.0,Strong capability match (77%); NAICS alignment (100%); PSC match (100%),Review and pursue
645771632bba8c55,HQMC,HQMC_compiled_data.tsv,MCIEAST,2025-08-28,Distribution Modernization Services,Contractor will evaluate and provide recommendations on distribution management (transportation) processes and procedures,MCBCampLejeuneG-6,Full and Open Competition,Fixed-Price,Purchase Order,2029,Q2,2029,Q3,48,541611,R699,"MCB Camp Lejeune, Jacksonville, NC",Follow-on,M6700124P0013,TranstecsCorporation,M67001,Chris Rabassi,chris.rabassi@usmc.mil,Chris Rabassi,chris.rabassi@usmc.mil,TBD,TBD,,0.0,2.0,open_ended_below,open_ended,,,,False,False,True,False,False,645771632bba8c55,Distribution Modernization Services,Contractor will evaluate and provide recommendations on distribution management (transportation) processes and procedures,Contractor will evaluate and provide recommendations on distribution management (transportation) processes and procedures,MCBCampLejeuneG-6,HQMC,541611,R699,Full and Open Competition,TBD,2029,Q2,2029,Q3,"MCB Camp Lejeune, Jacksonville, NC",Follow-on,TranstecsCorporation,M67001,0.0,2.0,0.0,NAVANCIO LLC,0.847,0.829,1.0,0.5,Strong capability match (83%); NAICS alignment (100%),Review and pursue
4a55804b25d84874,NAVSUP,NAVSUP_NMCARS_LRAE_compiled.tsv,Annex 25 Template,2025-08-26,Advisory and Assistance Services,Administrative Management and General Management Consulting Services,NAVSUP FLCPH / CNRH,8(a) Competitive,Fixed-Price,"""C"" Type Contract",2025,Q4,2026,Q1,24,541611,R799,JBPHH,Follow-on,N0060422C0005,Brice Solutions LLC,N00604 NAVSUP FLCPH,Liane Pekelo-passmore,liane.m.pekelo-passmore.civ@us.navy.mil,Jeen Chu,jeen.h.chu.civ@us.navy.mil,TBD,TBD,50.0,50.0,50.0,numeric_millions,exact,,,,False,False,False,False,False,4a55804b25d84874,Advisory and Assistance Services,Administrative Management and General Management Consulting Services,Administrative Management and General Management Consulting Services,NAVSUP FLCPH / CNRH,NAVSUP,541611,R799,8(a) Competitive,TBD,2025,Q4,2026,Q1,JBPHH,Follow-on,Brice Solutions LLC,N00604 NAVSUP FLCPH,50.0,50.0,50.0,NAVANCIO LLC,0.838,0.812,1.0,0.5,Strong capability match (81%); NAICS alignment (100%),Review and pursue
c2f19869ce932a44,HQMC,HQMC_compiled_data.tsv,LOGCOM,2025-08-28,Multi echelon optimization II,SECREP enterprise inventory management and optimization,Supply Chain Management Center,Sole-Source,Fixed-Price,Purchase Order,2025,Q1,2025,Q3,48,541990,R706,,New,,,M67004,Steven Wynne,steven.wynne@usmc.mil,Terry Whitaker,terry.l.whitaker@usmc.mil,TBD,TBD,28.75,7.5,50.0,explicit_range,range_midpoint,,,,False,False,False,False,False,c2f19869ce932a44,Multi echelon optimization II,SECREP enterprise inventory management and optimization,SECREP enterprise inventory management and optimization,Supply Chain Management Center,HQMC,541990,R706,Sole-Source,TBD,2025,Q1,2025,Q3,nan,New,nan,M67004,7.5,50.0,28.75,NAVANCIO LLC,0.83,0.8,1.0,0.5,Strong capability match (80%); NAICS alignment (100%),Review and pursue
cbeac8c381540db3,NAVSUP,NAVSUP_NMCARS_LRAE_compiled.tsv,Annex 25 Template,2025-08-26,PRIVATE CLOUD EDITION MANAGED SERVICES,PRIVATE CLOUD EDITION MANAGED SERVICES,ASN (FM & C),COMPETED UNDER SAP,FIRM FIXED PRICE,PURCHASE ORDER,2027,Q1,2027,Q4,,541511,7A20,DC,Follow-on,N0018924PZ378,CARAHSOFT TECHNOLOGY CORP,N00189,JOSEPH HAVILAND,joseph.a.haviland2.civ@us.navy.mil,ALLISON MILLER,allison.m.miller38.civ@us.navy.mil,TBD,TBD,2.0,2.0,2.0,numeric_millions,exact,,,,False,False,False,False,False,cbeac8c381540db3,PRIVATE CLOUD EDITION MANAGED SERVICES,PRIVATE CLOUD EDITION MANAGED SERVICES,PRIVATE CLOUD EDITION MANAGED SERVICES,ASN (FM & C),NAVSUP,541511,7A20,COMPETED UNDER SAP,TBD,2027,Q1,2027,Q4,DC,Follow-on,CARAHSOFT TECHNOLOGY CORP,N00189,2.0,2.0,2.0,NAVANCIO LLC,0.828,0.88,1.0,0.0,Strong capability match (88%); NAICS alignment (100%),Review and pursue
1779167c43699b00,HQMC,HQMC_compiled_data.tsv,MCICOM HQ,2025-08-28,Anti-terrorism Force Protection (ATFP)  Training & Threat Info Sharing,"The AT Program is designed to deter, detect, delay, deny, or defend against acts of terrorism and destructive or potentially destructive events, enhance protection and AT awareness, and assign AT responsibilities for Marine Corps elements and personnel. Diverse and changing threats require the development of a multi- faceted and comprehensive AT program.",PP&O,,Fixed-Price,,2025,Q4,2026,Q1,60,"541990 - ALL OTHER PROFESSIONAL, SCIENTIFIC, AND TECHNICAL SERVICES",R408 - SUPPORT- PROFESSIONAL: PROGRAM MANAGEMENT/SUPPORT,"Arlington, VA",Follow-on,M9549423P0008,"Digital Cloak, Inc.",M95494,Carrie Yearian,carrie.e.yearian.civ@usmc.mil,Tom Johnston,john.t.johnston2@usmc.mil,TBD,TBD,4.75,2.0,7.5,explicit_range,range_midpoint,,,,False,False,False,False,False,1779167c43699b00,Anti-terrorism Force Protection (ATFP)  Training & Threat Info Sharing,"The AT Program is designed to deter, detect, delay, deny, or defend against acts of terrorism and destructive or potentially destructive events, enhance protection and AT awareness, and assign AT responsibilities for Marine Corps elements and personnel. Diverse and changing threats require the development of a multi- faceted and comprehensive AT program.","The AT Program is designed to deter, detect, delay, deny, or defend against acts of terrorism and destructive or potentially destructive events, enhance protection and AT awareness, and assign AT responsibilities for Marine Corps elements and personnel. Diverse and changing threats require the development of a multi- faceted and comprehensive AT program.",PP&O,HQMC,541990,R408,nan,TBD,2025,Q4,2026,Q1,"Arlington, VA",Follow-on,"Digital Cloak, Inc.",M95494,2.0,7.5,4.75,NAVANCIO LLC,0.826,0.794,1.0,0.5,Strong capability match (79%); NAICS alignment (100%),Review and pursue
c067b48f7d994712,NAVSUP,NAVSUP_NMCARS_LRAE_compiled.tsv,Annex 25 Template,2025-08-26,AUTOMATION SERVICES,AUTOMATION AS A SERVICE,ASN (FM & C),FULL AND OPEN COMPETITION AFTER EXCLUSION OF SOURCES,FIRM FIXED PRICE,DELIVERY ORDER,2027,Q2,2028,Q1,,541219,R703,DC,Follow-on,N0018925FZ119,MORGAN BUSINESS CONSULTING  LLC,N00189,MARY LOU DICKENS,mary.l.dickens12.civ@us.navy.mil,STEPHANIE MURPHY,stephanie.m.murphy28.civ@us.navy.mil,TBD,TBD,50.0,50.0,50.0,numeric_millions,exact,,,,False,False,False,False,False,c067b48f7d994712,AUTOMATION SERVICES,AUTOMATION AS A SERVICE,AUTOMATION AS A SERVICE,ASN (FM & C),NAVSUP,541219,R703,FULL AND OPEN COMPETITION AFTER EXCLUSION OF SOURCES,TBD,2027,Q2,2028,Q1,DC,Follow-on,MORGAN BUSINESS CONSULTING  LLC,N00189,50.0,50.0,50.0,NAVANCIO LLC,0.825,1.0,0.5,0.5,Strong capability match (100%),Review and pursue
bda8defbaf36016b,NAVSUP,NAVSUP_NMCARS_LRAE_compiled.tsv,Annex 25 Template,2025-08-26,DIGITAL FORENSICS EXAMINER SERVICES,DIGITAL FORENSICS EXAMINER SERVICES,NCIS QUANTICO VA,NOT COMPETED UNDER SAP,FIRM FIXED PRICE,PURCHASE ORDER,2026,Q4,2027,Q3,,541519,DJ01,VA,Follow-on,N0018924PZ239,LONGEVITI LLC,N00189,JACOB SEGAL,jacob.a.segal.civ@us.navy.mil,THOMAS CAREY,thomas.carey56.civ@us.navy.mil,TBD,TBD,7.5,7.5,7.5,numeric_millions,exact,,,,False,False,False,False,False,bda8defbaf36016b,DIGITAL FORENSICS EXAMINER SERVICES,DIGITAL FORENSICS EXAMINER SERVICES,DIGITAL FORENSICS EXAMINER SERVICES,NCIS QUANTICO VA,NAVSUP,541519,DJ01,NOT COMPETED UNDER SAP,TBD,2026,Q4,2027,Q3,VA,Follow-on,LONGEVITI LLC,N00189,7.5,7.5,7.5,NAVANCIO LLC,0.797,0.85,0.75,0.5,Strong capability match (85%); NAICS alignment (75%),Review and pursue
371d6e42fd9be7cf,NAVAIR,NAVAIR_LRAE_Consolidated_compiled.tsv,LRAE Annex 25,2025-08-26,FO COMFRC ISO Registrations for Depot Level Activities,FO COMFRC ISO Registrations for Depot Level Activities,F600000 - FRC DIGITAL - FRC HQ,Full and Open Competition,Fixed-Price,"""C"" Type Contract",2026,Q3,2026,Q4,60,541611 - Administrative Management and General Management Consulting Services,R425 - SUPPORT- PROFESSIONAL: ENGINEERING/TECHNICAL,"Pax River, MD",Follow-on,GS10F0084U47QFAA21F0041,"INTERTEK TESTING SERVICES NA, INC.",N68520 - FRC HQ,"Huett, Meghan",meghan.huett@navy.mil,"WENGER, ALYSSA",alyssa.m.wenger.civ@us.navy.mil,Unclassified,Unclassified,7.5,7.5,7.5,numeric_dollars,exact,,,,False,False,False,False,False,371d6e42fd9be7cf,FO COMFRC ISO Registrations for Depot Level Activities,FO COMFRC ISO Registrations for Depot Level Activities,FO COMFRC ISO Registrations for Depot Level Activities,F600000 - FRC DIGITAL - FRC HQ,NAVAIR,541611,R425,Full and Open Competition,Unclassified,2026,Q3,2026,Q4,"Pax River, MD",Follow-on,"INTERTEK TESTING SERVICES NA, INC.",N68520 - FRC HQ,7.5,7.5,7.5,NAVANCIO LLC,0.792,0.737,1.0,0.5,Strong capability match (74%); NAICS alignment (100%),Review and pursue
57f5593fa32415a6,NAVAIR,NAVAIR_LRAE_Consolidated_compiled.tsv,LRAE Annex 25,2025-08-26,FY26/STORM/AIM-9X/MAP,Standardized Tester of Reprogrammable Munitions/Munitions Application Program (MAP) development.,WPM281 - WPM281 - PEO UW,Sole Source,Cost-Reimbursement,Basic Ordering Agreement Order,2025,Q4,2026,Q2,12,541511 - Custom Computer Programming Services,DA01 - IT AND TELECOM - BUSINESS APPLICATION/APPLICATION DEVELOPMENT SUPPORT SERVICES (LABOR),"Pax River, MD",New,,,N00019 - HQ,"Leitch, Jacob T.",jacob.t.leitch.civ@us.navy.mil,"Pico, Shannon",shannon.l.pico.civ@us.navy.mil,TBD,TBD,7.5,7.5,7.5,numeric_dollars,exact,,,,False,False,False,False,False,57f5593fa32415a6,FY26/STORM/AIM-9X/MAP,Standardized Tester of Reprogrammable Munitions/Munitions Application Program (MAP) development.,Standardized Tester of Reprogrammable Munitions/Munitions Application Program (MAP) development.,WPM281 - WPM281 - PEO UW,NAVAIR,541511,DA01,Sole Source,TBD,2025,Q4,2026,Q2,"Pax River, MD",New,nan,N00019 - HQ,7.5,7.5,7.5,NAVANCIO LLC,0.781,0.76,1.0,0.5,Strong capability match (76%); NAICS alignment (100%),Review and pursue
062dc987f41c3be7,NAVSUP,NAVSUP_NMCARS_LRAE_compiled.tsv,Annex 25 Template,2025-08-26,MAJIC SYSTEM SUSTAINMENT,MAJIC SYSTEM SUSTAINMENT,CHNAVPERS SUPPORT WASH DC,FULL AND OPEN COMPETITION,COST PLUS FIXED FEE,DELIVERY ORDER,2025,Q3,2026,Q1,,541512,DF01,VA,Follow-on,N0018923FZ010,CLIENT SOLUTION ARCHITECTS LLC,N00189,KEVIN CLAUSON,kevin.m.clauson.civ@us.navy.mil,ADELINA LOZZI,adelina.lozzi.civ@us.navy.mil,TBD,TBD,2.0,2.0,2.0,numeric_millions,exact,,,,False,False,False,False,False,062dc987f41c3be7,MAJIC SYSTEM SUSTAINMENT,MAJIC SYSTEM SUSTAINMENT,MAJIC SYSTEM SUSTAINMENT,CHNAVPERS SUPPORT WASH DC,NAVSUP,541512,DF01,FULL AND OPEN COMPETITION,TBD,2025,Q3,2026,Q1,VA,Follow-on,CLIENT SOLUTION ARCHITECTS LLC,N00189,2.0,2.0,2.0,NAVANCIO LLC,0.757,0.7,0.75,1.0,Strong capability match (70%); NAICS alignment (75%); PSC match (100%),Review and pursue
a01e68897a3f774c,NAVAIR,NAVAIR_LRAE_Consolidated_compiled.tsv,LRAE Annex 25,2025-08-26,KC-130J Program: Honeywell FY26-27 (Delivery Order 5),Exercise 5th Delivery order with Honeywell for NAVData,APM207 - APM207 - PEO A,Sole Source,Fixed-Price,Delivery Order/Task Order (not under Federal Supply Schedule Contract),TBD,TBD,2026,Q3,12,"518210 - Computing Infrastructure Providers, Data Processing, Web Hosting, and Related Services",K099 - MODIFICATION OF EQUIPMENT- MISCELLANEOUS,"Pax River, MD",New,New DO to N0001922D0025,Honeywell International Inc.,N00019 - HQ,"Campbell, Shawn",shawn.campbell.civ@us.navy.mil,"Baker, Stephanie M.",stephanie.m.baker30.civ@us.navy.mil,Unclassified,Unclassified,2.0,2.0,2.0,numeric_dollars,exact,,,,False,False,False,False,False,a01e68897a3f774c,KC-130J Program: Honeywell FY26-27 (Delivery Order 5),Exercise 5th Delivery order with Honeywell for NAVData,Exercise 5th Delivery order with Honeywell for NAVData,APM207 - APM207 - PEO A,NAVAIR,518210,K099,Sole Source,Unclassified,TBD,TBD,2026,Q3,"Pax River, MD",New,Honeywell International Inc.,N00019 - HQ,2.0,2.0,2.0,NAVANCIO LLC,0.75,0.792,1.0,0.0,Strong capability match (79%); NAICS alignment (100%),Review and pursue
5bca63cfdd214f52,HQMC,HQMC_compiled_data.tsv,MCINCR,2025-08-28,Creative Cloud,Creative Cloud,Mairine Corps Band,Service-Disabled Veteran-Owned Small Business Set-Aside,Fixed-Price,Federal Supply Schedule Order,2025,Q3,2025,Q3,12,541519,DE10,"Quantico, VA",Follow-on,M0026424F0256,Red Hawk IT Solutions,M00264,Edgar Clark,edgar.clark@usmc.mil,Kellie Holley,kellie.holley@usmc.mil,TBD,TBD,,0.0,2.0,open_ended_below,open_ended,,,,False,False,True,False,False,5bca63cfdd214f52,Creative Cloud,Creative Cloud,Creative Cloud,Mairine Corps Band,HQMC,541519,DE10,Service-Disabled Veteran-Owned Small Business Set-Aside,TBD,2025,Q3,2025,Q3,"Quantico, VA",Follow-on,Red Hawk IT Solutions,M00264,0.0,2.0,0.0,NAVANCIO LLC,0.748,0.85,0.75,0.5,Strong capability match (85%); NAICS alignment (75%); Missing required certification,Review and pursue
abcef1f2ada4d235,NAVSUP,NAVSUP_NMCARS_LRAE_compiled.tsv,Annex 25 Template,2025-08-26,FWB 2.0 - FORECAST AUTOMATION,FWB 2.0 - FORECAST AUTOMATION,NAVAL METEOROLOGY AND,FULL AND OPEN COMPETITION,FIRM FIXED PRICE,DELIVERY ORDER,2025,Q1,2025,Q4,,541512,DJ01,MS,Follow-on,N0018924FR067,BOOZ ALLEN HAMILTON INC,N00189,AARON MARTIN,aaron.b.martin12.civ@us.navy.mil,,,TBD,TBD,7.5,7.5,7.5,numeric_millions,exact,,,,False,False,False,False,False,abcef1f2ada4d235,FWB 2.0 - FORECAST AUTOMATION,FWB 2.0 - FORECAST AUTOMATION,FWB 2.0 - FORECAST AUTOMATION,NAVAL METEOROLOGY AND,NAVSUP,541512,DJ01,FULL AND OPEN COMPETITION,TBD,2025,Q1,2025,Q4,MS,Follow-on,BOOZ ALLEN HAMILTON INC,N00189,7.5,7.5,7.5,NAVANCIO LLC,0.743,0.76,0.75,0.5,Strong capability match (76%); NAICS alignment (75%),Review and pursue
ae2857deca7f9f5a,HQMC,HQMC_compiled_data.tsv,MCINCR,2025-08-28,Cadet Records Management,Cadet Records Management,Marine Corps JROTC,Women-Owned Small Business Set-Aside,Fixed-Price,Purchase Order,2025,Q4,2025,Q4,12,541519,7B20,"Quantico, VA",Follow-on,M0026424P0086,Mega Data Services,M00264,Edgar Clark,edgar.clark@usmc.mil,Kellie Holley,kellie.holley@usmc.mil,TBD,TBD,,0.0,2.0,open_ended_below,open_ended,,,,False,False,True,False,False,ae2857deca7f9f5a,Cadet Records Management,Cadet Records Management,Cadet Records Management,Marine Corps JROTC,HQMC,541519,7B20,Women-Owned Small Business Set-Aside,TBD,2025,Q4,2025,Q4,"Quantico, VA",Follow-on,Mega Data Services,M00264,0.0,2.0,0.0,NAVANCIO LLC,0.727,0.9,0.75,0.0,Strong capability match (90%); NAICS alignment (75%); Missing required certification,Review and pursue
7ac230ccfec99528,NAVSUP,NAVSUP_NMCARS_LRAE_compiled.tsv,Annex 25 Template,2025-08-26,"MAINT/REPAIR/REBUILD OF EQUIPMENT- ALARM, SIGNAL, AND SECURITY DETECTION SYSTEMS",MEDICAL AND PUBLIC AFFAIRS PHOTOGRAPHY,NAVAL HOSPITAL JACKSONVILLE FL,SMALL BUSINESS SET ASIDE,Fixed-Price,PURCHASE ORDER,2025,Q4,2026,Q1,60,541922,T006,JACKSONVILLE  FLORIDA,Follow-on,N6883621P0140,MULTI MEDIA MARKETING ASSOCIATES  INC.,N68836 NAVSUP FLCJ,ROLONDO TURNER,ROLONDO.R.TURNER.CIV@US.NAVY.MIL,ROLONDO TURNER,ROLONDO.R.TURNER.CIV@US.NAVY.MIL,TBD,TBD,2.0,2.0,2.0,numeric_millions,exact,Expires 24-Oct-2025,,,False,False,False,False,False,7ac230ccfec99528,"MAINT/REPAIR/REBUILD OF EQUIPMENT- ALARM, SIGNAL, AND SECURITY DETECTION SYSTEMS",MEDICAL AND PUBLIC AFFAIRS PHOTOGRAPHY,MEDICAL AND PUBLIC AFFAIRS PHOTOGRAPHY,NAVAL HOSPITAL JACKSONVILLE FL,NAVSUP,541922,T006,SMALL BUSINESS SET ASIDE,TBD,2025,Q4,2026,Q1,JACKSONVILLE  FLORIDA,Follow-on,MULTI MEDIA MARKETING ASSOCIATES  INC.,N68836 NAVSUP FLCJ,2.0,2.0,2.0,NAVANCIO LLC,0.727,0.815,0.75,0.0,Strong capability match (82%); NAICS alignment (75%),Review and pursue
4752a2097e5cf7a9,HQMC,HQMC_compiled_data.tsv,MCICOM HQ,2025-08-28,PPV Real Estate and Housing Support,"Provide policy guidance, financial analysis and management, business case analysis, program improvement recommendations, business process development, analysis of identified opportunities, and contributions to senior leadership inquiries/data calls for PPV Real Estate and Housing Support.",MCICOM GF,Full and Open Competition,Fixed-Price,Federal Supply Schedule Order,2025,Q4,2026,Q1,60,541611 - ADMINISTRATIVE MANAGEMENT AND GENERAL MANAGEMENT CONSULTING SERVICES,R408 - SUPPORT- PROFESSIONAL: PROGRAM MANAGEMENT/SUPPORT,"Arlington, VA",Follow-on,M9549420F0030,THE CONCOURSE GROUP,M95494,Christina Neto,christina.e.neto.civ@usmc.mil,Tom Johnston,john.t.johnston2@usmc.mil,TBD,TBD,28.75,7.5,50.0,explicit_range,range_midpoint,,,,False,False,False,False,False,4752a2097e5cf7a9,PPV Real Estate and Housing Support,"Provide policy guidance, financial analysis and management, business case analysis, program improvement recommendations, business process development, analysis of identified opportunities, and contributions to senior leadership inquiries/data calls for PPV Real Estate and Housing Support.","Provide policy guidance, financial analysis and management, business case analysis, program improvement recommendations, business process development, analysis of identified opportunities, and contributions to senior leadership inquiries/data calls for PPV Real Estate and Housing Support.",MCICOM GF,HQMC,541611,R408,Full and Open Competition,TBD,2025,Q4,2026,Q1,"Arlington, VA",Follow-on,THE CONCOURSE GROUP,M95494,7.5,50.0,28.75,NAVANCIO LLC,0.723,0.622,1.0,0.5,Strong capability match (62%); NAICS alignment (100%),Review and pursue
137956022e71fa7f,HQMC,HQMC_compiled_data.tsv,MCINCR,2025-08-28,Adobe Acrobat Pro Enterprise Term License and Adobe Creative Cloud Enterprise Term License,This requirement provides Adobe Acrobat Pro and Creative Cloud Enterprise License to MCCOG,MCCOG,Small Business Set-Aside,Fixed-Price,Delivery Order/Task Order (not under Federal Supply Schedule Contract),2025,Q4,2025,Q4,12,541519- Other Computer Related Services,7A21 – IT And Telecom – Business Application Software,"Quantico, VA",Follow-on,M0026424F0275,"METGreen Solutions, Inc",M00264,Heaven Onley,heaven.j.onley.civ@usmc.mil,John Johnston (Tom),john.t.johnston2@usmc.mil,TBD,TBD,,0.0,2.0,open_ended_below,open_ended,,,,False,False,True,False,False,137956022e71fa7f,Adobe Acrobat Pro Enterprise Term License and Adobe Creative Cloud Enterprise Term License,This requirement provides Adobe Acrobat Pro and Creative Cloud Enterprise License to MCCOG,This requirement provides Adobe Acrobat Pro and Creative Cloud Enterprise License to MCCOG,MCCOG,HQMC,541519,7A21 – IT AND TELECOM – BUSINESS APPLICATION SOFTWARE,Small Business Set-Aside,TBD,2025,Q4,2025,Q4,"Quantico, VA",Follow-on,"METGreen Solutions, Inc",M00264,0.0,2.0,0.0,NAVANCIO LLC,0.722,0.807,0.75,0.0,Strong capability match (81%); NAICS alignment (75%),Review and pursue
0f3863eb02496cc1,NAVSEA,NAVSEA_Enterprise_LRAE_compiled.tsv,Annex 25 Template,2025-08-26,Hawaii Services Follow-On (C),Follow-on Task Order for Hawaii Services,KPT - 24 - KPT-24 - NUWCKPT,Full and Open Competition,Cost-Reimbursement,Single-Award Indefinite-Delivery,TBD,TBD,2026,Q3,,541330,R425,Pearl Harbor HI,Follow-on,N0017819D7814N0025322F3003,Indus Technology Inc.,N00253: NUWCKPT,"Gervais, Peter",peter.gervais.civ@us.navy.mil,,,TBD,TBD,250.0,250.0,250.0,numeric_dollars,exact,SeaPort - NxG,,,False,False,False,False,False,0f3863eb02496cc1,Hawaii Services Follow-On (C),Follow-on Task Order for Hawaii Services,Follow-on Task Order for Hawaii Services,KPT - 24 - KPT-24 - NUWCKPT,NAVSEA,541330,R425,Full and Open Competition,TBD,TBD,TBD,2026,Q3,Pearl Harbor HI,Follow-on,Indus Technology Inc.,N00253: NUWCKPT,250.0,250.0,250.0,NAVANCIO LLC,0.722,0.829,0.5,0.5,Strong capability match (83%),Review and pursue
f4ba6f2454e4ab31,HQMC,HQMC_compiled_data.tsv,MCIEAST,2025-08-28,Collection & Analyzation of Air Samples,"Collection and analysis of eighty-four air samples from portable breathing air panels at the Fleet Readiness Center, Havelock, NC",8th Communications Battalion,Full and Open Competition,Fixed-Price,Purchase Order,2028,Q3,2028,Q4,48,541620,B502,"MCAS Cherry Point, Havelock, NC",Follow-on,M6700123P1000,Advanced Safety Equipment Co.,M67001,Chris Rabassi,chris.rabassi@usmc.mil,Chris Rabassi,chris.rabassi@usmc.mil,TBD,TBD,,0.0,2.0,open_ended_below,open_ended,,,,False,False,True,False,False,f4ba6f2454e4ab31,Collection & Analyzation of Air Samples,"Collection and analysis of eighty-four air samples from portable breathing air panels at the Fleet Readiness Center, Havelock, NC","Collection and analysis of eighty-four air samples from portable breathing air panels at the Fleet Readiness Center, Havelock, NC",8th Communications Battalion,HQMC,541620,B502,Full and Open Competition,TBD,2028,Q3,2028,Q4,"MCAS Cherry Point, Havelock, NC",Follow-on,Advanced Safety Equipment Co.,M67001,0.0,2.0,0.0,NAVANCIO LLC,0.72,0.805,0.75,0.0,Strong capability match (80%); NAICS alignment (75%),Review and pursue
3e743b03235930bf,NAVSUP,NAVSUP_NMCARS_LRAE_compiled.tsv,Annex 25 Template,2025-08-26,DIGITAL MEDIA,SPACE CHARGES MEDIA PLACEMENT DIGITAL MEDIA,NAVY RECRUITING COMMAND,FULL AND OPEN COMPETITION,FIRM FIXED PRICE,DELIVERY ORDER,2025,Q2,2026,Q1,,541810,R701,NY,Follow-on,N0018925FZ146,WPP PLC,N00189,ADELINA LOZZI,adelina.lozzi.civ@us.navy.mil,ELLEN WRIGHT,ellen.s.wright.civ@us.navy.mil,TBD,TBD,50.0,50.0,50.0,numeric_millions,exact,,,,False,False,False,False,False,3e743b03235930bf,DIGITAL MEDIA,SPACE CHARGES MEDIA PLACEMENT DIGITAL MEDIA,SPACE CHARGES MEDIA PLACEMENT DIGITAL MEDIA,NAVY RECRUITING COMMAND,NAVSUP,541810,R701,FULL AND OPEN COMPETITION,TBD,2025,Q2,2026,Q1,NY,Follow-on,WPP PLC,N00189,50.0,50.0,50.0,NAVANCIO LLC,0.717,0.82,0.5,0.5,Strong capability match (82%),Review and pursue
b62dcb6a656dd56e,HQMC,HQMC_compiled_data.tsv,MCINCR,2025-08-28,TOAD for Oracle,Toad for Oracle Developer edition - database management tool used to manage TSO Oracle databases / building and maintaining SQL scripts / performance optimization / automation / data security.,TSO,Small Business Set-Aside,Fixed-Price,Federal Supply Schedule Order,2025,Q4,2026,Q1,12,541519 - OTHER COMPUTER RELATED SERVICES,7A21 - IT AND TELECOM - BUSINESS APPLICATION SOFTWARE,"Quantico, VA",Follow-on,M0026425F0029,"New Tech Solutions, Inc.",M00264,David Laster,david.laster@usmc.mil,Michael Bogatyr,michael.bogatyr@usmc.mil,TBD,TBD,,0.0,2.0,open_ended_below,open_ended,,,,False,False,True,False,False,b62dcb6a656dd56e,TOAD for Oracle,Toad for Oracle Developer edition - database management tool used to manage TSO Oracle databases / building and maintaining SQL scripts / performance optimization / automation / data security.,Toad for Oracle Developer edition - database management tool used to manage TSO Oracle databases / building and maintaining SQL scripts / performance optimization / automation / data security.,TSO,HQMC,541519,7A21,Small Business Set-Aside,TBD,2025,Q4,2026,Q1,"Quantico, VA",Follow-on,"New Tech Solutions, Inc.",M00264,0.0,2.0,0.0,NAVANCIO LLC,0.715,0.796,0.75,0.0,Strong capability match (80%); NAICS alignment (75%),Review and pursue
79635a4484d560ab,HQMC,HQMC_compiled_data.tsv,MCINCR,2025-08-28,VMWare Training Vouchers,VMWare Training Vouchers,Marine Corps Software Factory (MCSWF),Small Business Set-Aside,Fixed-Price,Federal Supply Schedule Order,2025,Q3,2025,Q3,12,541519,"DA01- IT AND TELECOM - BUSINESS
APPLICATION/APPLICATION
DEVELOPMENT SUPPORT SERVICES","Quantico, VA",Follow-on,M00264-24-F-0102,"August Schell Enterprises, Inc",M00264,Edgar Clark,edgar.clark@usmc.mil,Kellie Holley,kellie.holley@usmc.mil,TBD,TBD,4.75,2.0,7.5,explicit_range,range_midpoint,,,,False,False,False,False,False,79635a4484d560ab,VMWare Training Vouchers,VMWare Training Vouchers,VMWare Training Vouchers,Marine Corps Software Factory (MCSWF),HQMC,541519,DA01,Small Business Set-Aside,TBD,2025,Q3,2025,Q3,"Quantico, VA",Follow-on,"August Schell Enterprises, Inc",M00264,2.0,7.5,4.75,NAVANCIO LLC,0.708,0.7,0.75,0.5,Strong capability match (70%); NAICS alignment (75%),Review and pursue
b172fc1683413082,HQMC,HQMC_compiled_data.tsv,MCIWEST,2025-08-28,Legal Database Services,CYBERFEDS on the Web - provides regulatory guidance,WACO & CHRO,Full and Open Competition,Fixed-Price,Federal Supply Schedule Order,2028,Q1,2028,Q3,60,541519,7A21,"MCB Camp Pendleton, CA",Follow-on,M0068123FNG14,"LRP Publications, Inc.",M33000,Gary Lane,gary.lane@usmc.mil,Dakeyah McFarlin,dakeyah.mcfarlin@usmc.mil,TBD,TBD,,0.0,2.0,open_ended_below,open_ended,,,,False,False,True,False,False,b172fc1683413082,Legal Database Services,CYBERFEDS on the Web - provides regulatory guidance,CYBERFEDS on the Web - provides regulatory guidance,WACO & CHRO,HQMC,541519,7A21,Full and Open Competition,TBD,2028,Q1,2028,Q3,"MCB Camp Pendleton, CA",Follow-on,"LRP Publications, Inc.",M33000,0.0,2.0,0.0,NAVANCIO LLC,0.707,0.782,0.75,0.0,Strong capability match (78%); NAICS alignment (75%),Review and pursue
2744073f0b5a7ff6,NAVSEA,NAVSEA_Enterprise_LRAE_compiled.tsv,Annex 25 Template,2025-08-26,N00164-25-RFPREQ-CR-105-0001,NSWC Crane Security TO Follow-On,NSWC Crane,,Cost-Reimbursement,Delivery Order/Task Order (not under Federal Supply Schedule Contract),2026,Q3,2027,Q3,60,541330,R408,"Crane, Indiana",Follow-on,N0016421F3015,Precise Systems,N00164: NSWC Crane,Matthew Burch,matthew.l.burch2.civ@us.navy.mil,John Latta,john.c.latta3.civ@us.navy.mil,TBD,TBD,50.0,50.0,50.0,numeric_dollars,exact,None.,,,False,False,False,False,False,2744073f0b5a7ff6,N00164-25-RFPREQ-CR-105-0001,NSWC Crane Security TO Follow-On,NSWC Crane Security TO Follow-On,NSWC Crane,NAVSEA,541330,R408,nan,TBD,2026,Q3,2027,Q3,"Crane, Indiana",Follow-on,Precise Systems,N00164: NSWC Crane,50.0,50.0,50.0,NAVANCIO LLC,0.705,0.8,0.5,0.5,Strong capability match (80%),Review and pursue
cc68f59c2084ec65,NAVSUP,NAVSUP_NMCARS_LRAE_compiled.tsv,Annex 25 Template,2025-08-26,DIGITAL MEDIA,I SPACE CHARGES MEDIA PLACEMENT DIGITAL MEDIA,NAVY RECRUITING COMMAND,FULL AND OPEN COMPETITION,FIRM FIXED PRICE,DELIVERY ORDER,2025,Q2,2026,Q1,,541810,R701,NY,Follow-on,N0018925FZ047,WPP PLC,N00189,ADELINA LOZZI,adelina.lozzi.civ@us.navy.mil,ADELINA LOZZI,adelina.lozzi.civ@us.navy.mil,TBD,TBD,50.0,50.0,50.0,numeric_millions,exact,,,,False,False,False,False,False,cc68f59c2084ec65,DIGITAL MEDIA,I SPACE CHARGES MEDIA PLACEMENT DIGITAL MEDIA,I SPACE CHARGES MEDIA PLACEMENT DIGITAL MEDIA,NAVY RECRUITING COMMAND,NAVSUP,541810,R701,FULL AND OPEN COMPETITION,TBD,2025,Q2,2026,Q1,NY,Follow-on,WPP PLC,N00189,50.0,50.0,50.0,NAVANCIO LLC,0.705,0.8,0.5,0.5,Strong capability match (80%),Review and pursue
06237b46707c8c39,HQMC,HQMC_compiled_data.tsv,MCINCR,2025-08-28,Adobe Creative Cloud License,This requirement provides Adobe Creatvie Cloud Licenses to MCICOM ISB,MCICOM ISB,Small Business Set-Aside,Fixed-Price,Delivery Order/Task Order (not under Federal Supply Schedule Contract),2025,Q3,2025,Q4,12,541519- Other Computer Related Services,7A21 – IT And Telecom – Business Application Software,WASHINGTON DC,Follow-on,M0026424F0220,"Aurora Systems Consulting, Inc",M00264,Heaven Onley,heaven.j.onley.civ@usmc.mil,John Johnston (Tom),john.t.johnston2@usmc.mil,TBD,TBD,,0.0,2.0,open_ended_below,open_ended,,,,False,False,True,False,False,06237b46707c8c39,Adobe Creative Cloud License,This requirement provides Adobe Creatvie Cloud Licenses to MCICOM ISB,This requirement provides Adobe Creatvie Cloud Licenses to MCICOM ISB,MCICOM ISB,HQMC,541519,7A21 – IT AND TELECOM – BUSINESS APPLICATION SOFTWARE,Small Business Set-Aside,TBD,2025,Q3,2025,Q4,WASHINGTON DC,Follow-on,"Aurora Systems Consulting, Inc",M00264,0.0,2.0,0.0,NAVANCIO LLC,0.702,0.775,0.75,0.0,Strong capability match (77%); NAICS alignment (75%),Review and pursue
bcd60a0dbf41cda3,NAVSUP,NAVSUP_NMCARS_LRAE_compiled.tsv,Annex 25 Template,2025-08-26,"EDUCATION CLOUD, UNLIMITED EDITION","EDUCATION CLOUD, UNLIMITED EDITION",NAVAL POSTGRADUATE SCHOOL,FULL AND OPEN COMPETITION,FIRM FIXED PRICE,NASA SEWP,2027,Q1,2027,Q1,60,541519,7A21,"MONTEREY, CA",Follow-on,N0024425F0036,"COUNTERTRADE PRODUCTS, INC.",N00244,Noni Arcilla,noni.p.arcilla.civ@us.navy.mil,Naima Yelda,naima.yelda1@navy.mil,TBD,TBD,5.0,5.0,5.0,numeric_millions,exact,,,,False,False,False,False,False,bcd60a0dbf41cda3,"EDUCATION CLOUD, UNLIMITED EDITION","EDUCATION CLOUD, UNLIMITED EDITION","EDUCATION CLOUD, UNLIMITED EDITION",NAVAL POSTGRADUATE SCHOOL,NAVSUP,541519,7A21,FULL AND OPEN COMPETITION,TBD,2027,Q1,2027,Q1,"MONTEREY, CA",Follow-on,"COUNTERTRADE PRODUCTS, INC.",N00244,5.0,5.0,5.0,NAVANCIO LLC,0.702,0.775,0.75,0.0,Strong capability match (77%); NAICS alignment (75%),Review and pursue
65f7d542075ec487,NAVSEA,NAVSEA_Enterprise_LRAE_compiled.tsv,Annex 25 Template,2025-08-26,N00164-24-RFPREQ-CR-WXP-0040,Seaport Task order  for  Radar Division Logistics Services Contract - All Division Programs,"NAVSEA IWS1, IWS2, NAVSUP, USMC, USAF",Small Business Set-Aside,Cost-Reimbursement,Delivery Order/Task Order (not under Federal Supply Schedule Contract),2025,Q2,2025,Q4,60,541330,R425,"CRANE, IN",Follow-on,N0017819D7266 N0016419F3500,BOWHEAD PROGRAM MANAGEMENT AND OPERATIONS LLC,N00164: NSWC Crane,Laura Armes,laura.m.armes.civ@us.navy.mil,Seth Taylor,seth.t.taylor.civ@us.navy.mil,TBD,TBD,100.0,100.0,100.0,numeric_dollars,exact,SEAPORT TASK ORDER,,,False,False,False,False,False,65f7d542075ec487,N00164-24-RFPREQ-CR-WXP-0040,Seaport Task order  for  Radar Division Logistics Services Contract - All Division Programs,Seaport Task order  for  Radar Division Logistics Services Contract - All Division Programs,"NAVSEA IWS1, IWS2, NAVSUP, USMC, USAF",NAVSEA,541330,R425,Small Business Set-Aside,TBD,2025,Q2,2025,Q4,"CRANE, IN",Follow-on,BOWHEAD PROGRAM MANAGEMENT AND OPERATIONS LLC,N00164: NSWC Crane,100.0,100.0,100.0,NAVANCIO LLC,0.7,0.792,0.5,0.5,Strong capability match (79%),Review and pursue
